firstname,lastname,username,department,password,ou
Mark,Greaney,mgreaney,Authors,A!uthor546,"CN=Users,DC=ad,DC=local"
Brandon,Sanderson,bsanderson,Authors,A!uthor546,"CN=Users,DC=ad,DC=local"
Jim,Butcher,jbutcher,Authors,A!uthor546,"CN=Users,DC=ad,DC=local"
Dean,Koontz,dknootz,Authors,A!uthor546,"CN=Users,DC=ad,DC=local"
Neal,Shusterman,nshusterman,Authors,A!uthor546,"CN=Users,DC=ad,DC=local"
Ernest,Cline,ecline,Authors,A!uthor546,"CN=Users,DC=ad,DC=local"
JD,Kirk,jkirk,Authors,A!uthor546,"CN=Users,DC=ad,DC=local"
Jonathan,Yanez,jyanez,Authors,A!uthor546,"CN=Users,DC=ad,DC=local"
Jay,Snyder,jsnyder,Narrator,N!arrator123,"CN=Users,DC=ad,DC=local"
Angus,King,aking,Narrator,N!arrator123,"CN=Users,DC=ad,DC=local"
Wil,Wheaton,wwheaton,Narrator,N!arrator123,"CN=Users,DC=ad,DC=local"
Greg,Tremblay,gtremblay,Narrator,N!arrator123,"CN=Users,DC=ad,DC=local"
Elisabeth,Rodgers,erodgers,Narrator,N!arrator123,"CN=Users,DC=ad,DC=local"
Cassandra,Campbell,ccampbell,Narrator,N!arrator123,"CN=Users,DC=ad,DC=local"
Julia,Whelan,jwhelan,Narrator,N!arrator123,"CN=Users,DC=ad,DC=local"
